<?xml version="1.0" encoding="utf-8"?>
<manifest identifier="N6a1xrNUqH1zs" xmlns="http://www.imsglobal.org/xsd/imscp_v1p1" xmlns:imsss="http://www.imsglobal.org/xsd/imsss" xmlns:adlcp="http://www.adlnet.org/xsd/adlcp_v1p3" xmlns:adlseq="http://www.adlnet.org/xsd/adlseq_v1p3" xmlns:adlnav="http://www.adlnet.org/xsd/adlnav_v1p3" xmlns:lom="http://ltsc.ieee.org/xsd/LOM" xmlns:xsi="http://www.w3.org/2001/XMLSchema-instance" xsi:schemaLocation="http://www.imsglobal.org/xsd/imscp_v1p1 imscp_v1p1.xsd http://www.imsglobal.org/xsd/imsss imsss_v1p0.xsd http://www.adlnet.org/xsd/adlcp_v1p3 adlcp_v1p3.xsd http://www.adlnet.org/xsd/adlseq_v1p3 adlseq_v1p3.xsd http://www.adlnet.org/xsd/adlnav_v1p3 adlnav_v1p3.xsd http://ltsc.ieee.org/xsd/LOM lom.xsd">
<metadata>
<schema>ADL SCORM</schema>
<schemaversion>CAM 1.3</schemaversion>
<lom:lom>
<lom:general>
<lom:title>
<lom:string>Nguyen Thi An - Bai tap tot nghiep</lom:string>
</lom:title>
</lom:general>
<lom:educational>
<lom:typicalLearningTime>
<lom:duration>PT1H0M0S</lom:duration>
</lom:typicalLearningTime>
</lom:educational>
<lom:metaMetadata>
<lom:metadataSchema>LOMv1.0</lom:metadataSchema>
<lom:metadataSchema>SCORM_CAM_v1.3</lom:metadataSchema>
</lom:metaMetadata>
</lom:lom>
</metadata>
<organizations default="nguyen_thi_an_-_bai_tap_tot_nghiep_organization">
<organization identifier="nguyen_thi_an_-_bai_tap_tot_nghiep_organization">
<title>Nguyen Thi An - Bai tap tot nghiep</title>
<item identifier="FC7D6CB9-5C64-43AE-811C-EAC6426223C7" identifierref="resource">
<title>Nguyen Thi An - Bai tap tot nghiep</title>
<imsss:sequencing>
<imsss:deliveryControls completionSetByContent="true" objectiveSetByContent="true"/>
</imsss:sequencing>
</item>
<imsss:sequencing>
<imsss:controlMode flow="true"/>
</imsss:sequencing>
</organization>
</organizations>
<resources>
<resource identifier="resource" type="webcontent" adlcp:scormType="sco" href="res/index.html">
<file href="res/index.html"/>
<file href="res/lms.js"/>
<file href="res/data/thmb1.jpg"/>
<file href="res/data/slide1.js"/>
<file href="res/data/slide1.css"/>
<file href="res/data/thmb2.png"/>
<file href="res/data/intr1.js"/>
<file href="res/data/intr1/audios/snd-6c5f5f4c9d96b5907848aa01ef10d2ac2f3fe39d.mp3"/>
<file href="res/data/intr1/audios/snd-796ee353eb92f60f96719e2c5064c5c590d47066.mp3"/>
<file href="res/data/intr1/audios/snd-b6765b2f1203fd08c77396f6617eeac66cd8a4b0.mp3"/>
<file href="res/data/intr1/audios/snd-bca40b7ff5260c7de863ebe0c578c1e54eb93290.mp3"/>
<file href="res/data/intr1/fonts/fnt0.woff"/>
<file href="res/data/intr1/fonts/fnt1.woff"/>
<file href="res/data/intr1/fonts/fnt2.woff"/>
<file href="res/data/intr1/fonts/fnt3.woff"/>
<file href="res/data/intr1/images/img-066acb4b6780f36422db24cbafe93c2024dedba4.png"/>
<file href="res/data/intr1/images/img-2e816047d92154cd783dd21753053236a88dd70c.png"/>
<file href="res/data/intr1/images/img-31baea4009bc1ee14b2e76555c76a8f19aaf3948.png"/>
<file href="res/data/intr1/images/img-e009aea33322e6d37f210c086926ab5851c00858.jpg"/>
<file href="res/data/intr1/images/interaction_bg_0.jpg"/>
<file href="res/data/thmb3.png"/>
<file href="res/data/slide3.js"/>
<file href="res/data/slide3.css"/>
<file href="res/data/thmb4.png"/>
<file href="res/data/slide4.js"/>
<file href="res/data/slide4.css"/>
<file href="res/data/thmb5.png"/>
<file href="res/data/slide5.js"/>
<file href="res/data/slide5.css"/>
<file href="res/data/thmb6.png"/>
<file href="res/data/slide6.js"/>
<file href="res/data/slide6.css"/>
<file href="res/data/thmb7.png"/>
<file href="res/data/slide7.js"/>
<file href="res/data/slide7.css"/>
<file href="res/data/thmb8.png"/>
<file href="res/data/slide8.js"/>
<file href="res/data/slide8.css"/>
<file href="res/data/thmb9.png"/>
<file href="res/data/slide9.js"/>
<file href="res/data/slide9.css"/>
<file href="res/data/thmb10.png"/>
<file href="res/data/slide10.js"/>
<file href="res/data/slide10.css"/>
<file href="res/data/thmb11.png"/>
<file href="res/data/slide11.js"/>
<file href="res/data/slide11.css"/>
<file href="res/data/thmb12.png"/>
<file href="res/data/slide12.js"/>
<file href="res/data/slide12.css"/>
<file href="res/data/thmb13.png"/>
<file href="res/data/quiz1.js"/>
<file href="res/data/quiz1/audios/snd-1236512c4fbbc97b7db3eaf341f97b6ee4c9e4df.mp3"/>
<file href="res/data/quiz1/audios/snd-2a2fb64ff57d02ba5d3a2bab0fc255b1abf6fffc.mp3"/>
<file href="res/data/quiz1/audios/snd-5605bbed05804043a99f60faa117b47c7e1d06bd.mp3"/>
<file href="res/data/quiz1/audios/snd-65c6414ea04923f79c34aa2c69adb8817d0cdd58.mp3"/>
<file href="res/data/quiz1/audios/snd-6c1985570da1353a6d60346bc0e6df46584ce6fa.mp3"/>
<file href="res/data/quiz1/audios/snd-749a956e86f39df24fe9bee287789a587509a508.mp3"/>
<file href="res/data/quiz1/audios/snd-7741983a789035f521ad14f61c25a6c2da30fe47.mp3"/>
<file href="res/data/quiz1/audios/snd-793b4322fd342f6dc2db3b36738ce300778bb979.mp3"/>
<file href="res/data/quiz1/audios/snd-87b4129ff964fa19754acae534fbd2302b48b32b.mp3"/>
<file href="res/data/quiz1/audios/snd-dd6437bd34dff3911a29782bf817a7a873734223.mp3"/>
<file href="res/data/quiz1/audios/snd-dff9f3840b21d86c4d185f37324715f23ab5c2eb.mp3"/>
<file href="res/data/quiz1/audios/snd-e1facb35b0bcf388d022836696452ac935a74885.mp3"/>
<file href="res/data/quiz1/audios/snd-f5e45cd3c7a07122e6575dfd49bff889ab7ef014.mp3"/>
<file href="res/data/quiz1/audios/snd-f66d1e49c9dc21a85f21f2250ff2e73804946830.mp3"/>
<file href="res/data/quiz1/audios/snd-f946f9f059cad3fd4cb956296f63289d1b13fb12.mp3"/>
<file href="res/data/quiz1/fonts/fnt0.woff"/>
<file href="res/data/quiz1/fonts/fnt1.woff"/>
<file href="res/data/quiz1/fonts/fnt2.woff"/>
<file href="res/data/quiz1/fonts/fnt3.woff"/>
<file href="res/data/quiz1/fonts/fnt4.woff"/>
<file href="res/data/quiz1/images/1450-2cf7-3e70-8602.png"/>
<file href="res/data/quiz1/images/f64d-9d7a-db69-8ab9.png"/>
<file href="res/data/quiz1/images/img-3f682edf7b136fe0e035b54d10b6086c59e819dc.png"/>
<file href="res/data/quiz1/images/img-4960efded70049927e51d71f739985b1abced37e.png"/>
<file href="res/data/quiz1/images/img-513503dc4ca5763b77cc1415779bab7bf5215f10.png"/>
<file href="res/data/quiz1/images/img-90d262247fd820df0f9b14a31dcf441a1c74711d.png"/>
<file href="res/data/quiz1/images/img-951e32d55181b1895c2adcec3bc706fa8e6a3e23.png"/>
<file href="res/data/quiz1/images/img-b42ce487f6390d473864612560e578ebcd1c96d1.png"/>
<file href="res/data/quiz1/images/img-b74bf92c2edc0eb7a550f58c2e1a7ef19d0fa499.jpg"/>
<file href="res/data/quiz1/images/img-d22ed514a434d467f9e96976561f4846e065aaea.png"/>
<file href="res/data/quiz1/images/quiz_bg_0.png"/>
<file href="res/data/thmb14.png"/>
<file href="res/data/slide14.js"/>
<file href="res/data/slide14.css"/>
<file href="res/data/thmb15.png"/>
<file href="res/data/scenario1.js"/>
<file href="res/data/scenario1/fnt1.woff"/>
<file href="res/data/scenario1/fnt1b.woff"/>
<file href="res/data/scenario1/fnt1bi.woff"/>
<file href="res/data/scenario1/fnt1i.woff"/>
<file href="res/data/scenario1/html5-unsupported.html"/>
<file href="res/data/scenario1/html5.png"/>
<file href="res/data/scenario1/img0.jpg"/>
<file href="res/data/scenario1/img1.png"/>
<file href="res/data/scenario1/snd0.mp3"/>
<file href="res/data/thmb16.png"/>
<file href="res/data/slide16.js"/>
<file href="res/data/slide16.css"/>
<file href="res/data/thmb17.png"/>
<file href="res/data/slide17.js"/>
<file href="res/data/slide17.css"/>
<file href="res/data/thmb18.png"/>
<file href="res/data/slide18.js"/>
<file href="res/data/slide18.css"/>
<file href="res/data/thmb19.png"/>
<file href="res/data/slide19.js"/>
<file href="res/data/slide19.css"/>
<file href="res/data/thmb20.png"/>
<file href="res/data/slide20.js"/>
<file href="res/data/slide20.css"/>
<file href="res/data/thmb21.png"/>
<file href="res/data/slide21.js"/>
<file href="res/data/slide21.css"/>
<file href="res/data/thmb22.png"/>
<file href="res/data/quiz2.js"/>
<file href="res/data/quiz2/audios/snd-00cb4e130d7ce5a2f9bf94b55fdb672846441a9f.mp3"/>
<file href="res/data/quiz2/audios/snd-0add6984f556b01068d9508684b033097c3367c2.mp3"/>
<file href="res/data/quiz2/audios/snd-106108ee866792a4690f5f6ae116f6033f099deb.mp3"/>
<file href="res/data/quiz2/audios/snd-1a0013fe22a043cf4695e6993ea946217461982a.mp3"/>
<file href="res/data/quiz2/audios/snd-1d59966c47fac614b3aac34572684692dd1d53ff.mp3"/>
<file href="res/data/quiz2/audios/snd-228b5f4001cb3617d59642d71988c62c8df6f27d.mp3"/>
<file href="res/data/quiz2/audios/snd-2301688943f8e369642468d45648e92a7f3632e6.mp3"/>
<file href="res/data/quiz2/audios/snd-230f2009383f8bd7f7bff4933c6f8ecd71323156.mp3"/>
<file href="res/data/quiz2/audios/snd-23ea841960e6e86eedce55a05d4cc1c999cd60ca.mp3"/>
<file href="res/data/quiz2/audios/snd-339fd8e4013d584e0e0e9f3966c56d6ab3dc797f.mp3"/>
<file href="res/data/quiz2/audios/snd-4e347cfceb47347a24d86434854eabfc5dcd2bef.mp3"/>
<file href="res/data/quiz2/audios/snd-65f529e5c31f48f5770f71d553ede26e51d7b60a.mp3"/>
<file href="res/data/quiz2/audios/snd-6b46faafc392be79a45eb3b4bddb2f25a5d8dce4.mp3"/>
<file href="res/data/quiz2/audios/snd-75165c0a2d1083336a03ae04890bc3b35a3d6c4e.mp3"/>
<file href="res/data/quiz2/audios/snd-7c60a7c546eed78c60882a6500255d87fe04820a.mp3"/>
<file href="res/data/quiz2/audios/snd-aedfb8b9559c91984c1bb6a8dbe0c030928229b6.mp3"/>
<file href="res/data/quiz2/audios/snd-b0e8d7e0e977287e838f6121ed5d737837f4e1a2.mp3"/>
<file href="res/data/quiz2/audios/snd-b68bdc5a4413f119ba6efa5cc32b92eea3762e43.mp3"/>
<file href="res/data/quiz2/audios/snd-da18363a2408905a9ca2adde7effde6876a0d9ed.mp3"/>
<file href="res/data/quiz2/audios/snd-e1ff6016962103fd4ba27395b2c7c2601aa1e102.mp3"/>
<file href="res/data/quiz2/audios/snd-e22e13288328126a01b300dc50baeed139aa6b00.mp3"/>
<file href="res/data/quiz2/audios/snd-e892589930e88f9c566b6abedd181a95b1a0623e.mp3"/>
<file href="res/data/quiz2/audios/snd-ea4f8b60ef53f11fc68d13e90d15888228844d98.mp3"/>
<file href="res/data/quiz2/audios/snd-eed4fbd3c6cd42d1af80102e8ca6e5eaa31e16be.mp3"/>
<file href="res/data/quiz2/audios/snd-fc14e5a23f23d269f44f3b9ec195e54f3e61296b.mp3"/>
<file href="res/data/quiz2/fonts/fnt0.woff"/>
<file href="res/data/quiz2/fonts/fnt1.woff"/>
<file href="res/data/quiz2/fonts/fnt2.woff"/>
<file href="res/data/quiz2/fonts/fnt3.woff"/>
<file href="res/data/quiz2/fonts/fnt4.woff"/>
<file href="res/data/quiz2/images/3f02-2cf2-f823-d2a9.png"/>
<file href="res/data/quiz2/images/c681-afc4-0a83-0376.png"/>
<file href="res/data/quiz2/images/d911-857b-f8d6-c833.png"/>
<file href="res/data/quiz2/images/img-4ba9d929d7bedb1fa3560d4d041479a5e5db9ad2.png"/>
<file href="res/data/quiz2/images/img-523690fe42b094e425d19f921b7da72a465bbc36.jpg"/>
<file href="res/data/quiz2/images/quiz_bg_1.png"/>
<file href="res/data/thmb23.jpg"/>
<file href="res/data/slide23.js"/>
<file href="res/data/slide23.css"/>
<file href="res/data/thmb24.png"/>
<file href="res/data/slide24.js"/>
<file href="res/data/slide24.css"/>
<file href="res/data/sound1.mp3"/>
<file href="res/data/sound2.mp3"/>
<file href="res/data/sound3.mp3"/>
<file href="res/data/sound4.mp3"/>
<file href="res/data/sound5.mp3"/>
<file href="res/data/sound6.mp3"/>
<file href="res/data/sound7.mp3"/>
<file href="res/data/sound8.mp3"/>
<file href="res/data/sound9.mp3"/>
<file href="res/data/sound10.mp3"/>
<file href="res/data/sound11.mp3"/>
<file href="res/data/sound12.mp3"/>
<file href="res/data/sound13.mp3"/>
<file href="res/data/sound14.mp3"/>
<file href="res/data/sound15.mp3"/>
<file href="res/data/sound16.mp3"/>
<file href="res/data/sound17.mp3"/>
<file href="res/data/sound18.mp3"/>
<file href="res/data/sound19.mp3"/>
<file href="res/data/sound20.mp3"/>
<file href="res/data/quizplayer.js"/>
<file href="res/data/scenarioplayer.js"/>
<file href="res/data/intplayer1.js"/>
<file href="res/index.html"/>
<file href="res/data/player.js"/>
<file href="res/data/eraser.cur"/>
<file href="res/data/highlighter.cur"/>
<file href="res/data/marker.cur"/>
<file href="res/data/lock.cur"/>
<file href="res/data/browsersupport.js"/>
<file href="res/data/apple-touch-icon.png"/>
<file href="res/data/favicon.ico"/>
<file href="res/data/fnt0.woff"/>
<file href="res/data/fnt1.woff"/>
<file href="res/data/fnt10.woff"/>
<file href="res/data/fnt11.woff"/>
<file href="res/data/fnt12.woff"/>
<file href="res/data/fnt13.woff"/>
<file href="res/data/fnt14.woff"/>
<file href="res/data/fnt2.woff"/>
<file href="res/data/fnt3.woff"/>
<file href="res/data/fnt4.woff"/>
<file href="res/data/fnt5.woff"/>
<file href="res/data/fnt6.woff"/>
<file href="res/data/fnt7.woff"/>
<file href="res/data/fnt8.woff"/>
<file href="res/data/fnt9.woff"/>
<file href="res/data/html5-unsupported.html"/>
<file href="res/data/html5.png"/>
<file href="res/data/img0.png"/>
<file href="res/data/img1.png"/>
<file href="res/data/img10.png"/>
<file href="res/data/img11.png"/>
<file href="res/data/img12.png"/>
<file href="res/data/img13.png"/>
<file href="res/data/img14.png"/>
<file href="res/data/img15.png"/>
<file href="res/data/img16.png"/>
<file href="res/data/img17.jpg"/>
<file href="res/data/img18.png"/>
<file href="res/data/img19.jpg"/>
<file href="res/data/img2.png"/>
<file href="res/data/img20.png"/>
<file href="res/data/img21.png"/>
<file href="res/data/img22.jpg"/>
<file href="res/data/img23.jpg"/>
<file href="res/data/img24.png"/>
<file href="res/data/img25.png"/>
<file href="res/data/img26.png"/>
<file href="res/data/img27.png"/>
<file href="res/data/img28.png"/>
<file href="res/data/img29.png"/>
<file href="res/data/img3.png"/>
<file href="res/data/img30.png"/>
<file href="res/data/img31.png"/>
<file href="res/data/img32.png"/>
<file href="res/data/img33.png"/>
<file href="res/data/img34.png"/>
<file href="res/data/img35.png"/>
<file href="res/data/img36.png"/>
<file href="res/data/img37.png"/>
<file href="res/data/img38.png"/>
<file href="res/data/img39.png"/>
<file href="res/data/img4.png"/>
<file href="res/data/img40.png"/>
<file href="res/data/img41.png"/>
<file href="res/data/img42.png"/>
<file href="res/data/img43.png"/>
<file href="res/data/img44.png"/>
<file href="res/data/img45.png"/>
<file href="res/data/img46.png"/>
<file href="res/data/img47.png"/>
<file href="res/data/img48.png"/>
<file href="res/data/img49.png"/>
<file href="res/data/img5.png"/>
<file href="res/data/img50.png"/>
<file href="res/data/img51.png"/>
<file href="res/data/img52.png"/>
<file href="res/data/img53.png"/>
<file href="res/data/img54.png"/>
<file href="res/data/img55.png"/>
<file href="res/data/img56.png"/>
<file href="res/data/img57.png"/>
<file href="res/data/img58.png"/>
<file href="res/data/img59.png"/>
<file href="res/data/img6.png"/>
<file href="res/data/img60.png"/>
<file href="res/data/img61.png"/>
<file href="res/data/img62.jpg"/>
<file href="res/data/img63.jpg"/>
<file href="res/data/img64.png"/>
<file href="res/data/img65.jpg"/>
<file href="res/data/img66.png"/>
<file href="res/data/img67.jpg"/>
<file href="res/data/img68.png"/>
<file href="res/data/img69.jpg"/>
<file href="res/data/img7.png"/>
<file href="res/data/img70.jpg"/>
<file href="res/data/img71.jpg"/>
<file href="res/data/img72.png"/>
<file href="res/data/img73.png"/>
<file href="res/data/img74.png"/>
<file href="res/data/img75.jpg"/>
<file href="res/data/img76.png"/>
<file href="res/data/img77.png"/>
<file href="res/data/img8.png"/>
<file href="res/data/img9.png"/>
<file href="res/data/photo1.png"/>
</resource>
</resources>
</manifest>
